rsID,Risk_allele,Freq,OR
rs6903608,C,0.42,1.64
rs204999,G,0.23,0.77
rs2734986,C,0.21,1.32
rs6904029,A,0.27,0.86
rs20541,A,0.24,1.37
rs2019960,C,0.27,1.3
rs2069757,A,0.11,1.59
rs3806624,G,0.5,1.17
rs9402684,T,0.52,1.19
rs13034020,G,0.18,1.28
rs444929,C,0.24,1.26
rs6903608,C,0.42,1.69
rs204999,G,0.24,0.78
rs2734986,C,0.22,1.37
rs6904029,A,0.27,0.85
rs20541,A,0.24,1.39
rs2019960,C,0.26,1.27
rs2069757,A,0.11,1.66
rs3806624,G,0.5,1.17
rs9402684,T,0.52,1.2
rs13034020,G,0.18,1.27
rs444929,C,0.24,1.27
rs204999,G,0.21,0.67
rs2734986,C,0.19,1.23
rs6904029,A,0.29,0.88
rs20541,A,0.26,1.48
rs2019960,C,0.27,1.29
rs2069757,A,0.11,1.66
rs3806624,G,0.51,1.22
rs9402684,T,0.52,1.2
rs13034020,G,0.18,1.26
rs444929,C,0.25,1.33
rs6903608,C,0.32,1.14
rs204999,G,0.31,1.07
rs2734986,C,0.3,2.01
rs6904029,A,0.22,0.63
rs20541,A,0.21,1.21
rs2019960,C,0.24,1.21
rs2069757,A,0.1,1.49
rs3806624,G,0.5,1.15
rs9402684,T,0.51,1.23
rs13034020,G,0.17,1.08
rs444929,C,0.2,1.05
rs6903608,C,0.46,2.03
rs204999,G,0.2,0.64
rs2734986,C,0.17,0.94
rs6904029,A,0.31,1.04
rs20541,A,0.26,1.49
rs2019960,C,0.28,1.42
rs2069757,A,0.12,1.75
rs3806624,G,0.49,1.07
rs9402684,T,0.52,1.18
rs13034020,G,0.19,1.26
rs444929,C,0.25,1.28
rs6903608,C,0.27,0.96
rs204999,G,0.33,1.16
rs2734986,C,0.34,2.2
rs6904029,A,0.17,0.47
rs20541,A,0.19,1.05
rs2019960,C,0.26,1.22
rs2069757,A,0.08,1.13
rs3806624,G,0.51,1.17
rs9402684,T,0.51,1.19
rs13034020,G,0.16,1.03
rs444929,C,0.21,1
rs6903608,C,0.47,1.9
rs204999,G,0.19,0.61
rs2734986,C,0.18,1.18
rs6904029,A,0.3,0.93
rs20541,A,0.27,1.5
rs2019960,C,0.29,1.42
rs2069757,A,0.12,1.84
rs3806624,G,0.52,1.26
rs9402684,T,0.53,1.19
rs13034020,G,0.19,1.29
rs444929,C,0.27,1.38
